Issue,Root Causes,Solutions
Database connection timeout,"['High server load', 'Incorrect credentials', 'Firewall blocking the connection']","['Check DB logs', 'Restart database service', 'Verify credentials and firewall rules']"
High CPU usage,"['Heavy query execution', 'Memory leak in the application', 'Unoptimized code']","['Optimize queries', 'Increase system memory', 'Check application logs for memory leaks']"
Server not responding,"['Network issues', 'Server overload', 'Service crash']","['Check network status', 'Restart the server', 'Look for error logs']"
Slow application performance,"['High concurrent users', 'Database latency', 'Unoptimized front-end code']","['Scale infrastructure', 'Optimize DB queries', 'Improve caching mechanisms']"
API request failure,"['Invalid authentication', 'Rate limiting exceeded', 'API service downtime']","['Check API keys', 'Review rate limits', 'Monitor API health']"
Disk space full,"['Log files consuming space', 'Unused temp files', 'Large backups stored']","['Clear log files', 'Delete unnecessary backups', 'Expand disk storage']"
Memory leak detected,"['Unreleased memory allocation', 'Inefficient garbage collection', 'Large object storage']","['Optimize code for memory release', 'Adjust garbage collection settings', 'Use memory profiling tools']"
Application crash on startup,"['Missing dependencies', 'Configuration errors', 'Incompatible system environment']","['Install missing libraries', 'Fix configuration files', 'Ensure system compatibility']"
Login failure for users,"['Incorrect credentials', 'Authentication server down', 'Account locked']","['Reset password', 'Restart authentication service', 'Unlock user account']"
Email notifications not sent,"['SMTP server down', 'Invalid email settings', 'Email queue blocked']","['Check SMTP status', 'Correct email configurations', 'Clear email queue']"
Website loading slowly,"['Large images/files', 'Unoptimized database queries', 'Server resource constraints']","['Compress images', 'Optimize queries', 'Increase server capacity']"
Mobile app crash on iOS,"['Memory overuse', 'Bug in latest update', 'Compatibility issue']","['Optimize memory usage', 'Roll back update', 'Fix compatibility bugs']"
Security vulnerability detected,"['Outdated software', 'Weak passwords', 'Unpatched security loopholes']","['Update software', 'Enforce strong passwords', 'Apply security patches']"
Data loss after update,"['Database migration failure', 'Incorrect rollback procedure', 'Accidental deletion']","['Restore backup', 'Verify rollback scripts', 'Implement data protection measures']"
Network latency issues,"['High traffic', 'ISP throttling', 'Network congestion']","['Optimize routing', 'Contact ISP', 'Reduce bandwidth-heavy tasks']"
Microservice communication failure,"['API gateway timeout', 'Service dependency failure', 'Incorrect endpoint URL']","['Increase timeout settings', 'Check service health', 'Correct API endpoints']"
Unauthorized access detected,"['Weak authentication', 'Exposed API keys', 'Insider threat']","['Enable MFA', 'Rotate API keys', 'Monitor user activity logs']"
Cloud storage sync failure,"['Network issues', 'Insufficient storage', 'File permission errors']","['Check internet connection', 'Free up storage', 'Fix file permissions']"
Payment gateway errors,"['API downtime', 'Invalid payment credentials', 'Bank server unresponsive']","['Monitor API health', 'Verify payment details', 'Retry transaction later']"
Search functionality not working,"['Index corruption', 'Slow query performance', 'Backend search service down']","['Rebuild search index', 'Optimize queries', 'Restart search service']"
Generic issue 1,"['Root cause 1A', 'Root cause 1B']","['Solution 1A', 'Solution 1B']"
Generic issue 2,"['Root cause 2A', 'Root cause 2B']","['Solution 2A', 'Solution 2B']"
Generic issue 3,"['Root cause 3A', 'Root cause 3B']","['Solution 3A', 'Solution 3B']"
Generic issue 4,"['Root cause 4A', 'Root cause 4B']","['Solution 4A', 'Solution 4B']"
Generic issue 5,"['Root cause 5A', 'Root cause 5B']","['Solution 5A', 'Solution 5B']"
Generic issue 6,"['Root cause 6A', 'Root cause 6B']","['Solution 6A', 'Solution 6B']"
Generic issue 7,"['Root cause 7A', 'Root cause 7B']","['Solution 7A', 'Solution 7B']"
Generic issue 8,"['Root cause 8A', 'Root cause 8B']","['Solution 8A', 'Solution 8B']"
Generic issue 9,"['Root cause 9A', 'Root cause 9B']","['Solution 9A', 'Solution 9B']"
Generic issue 10,"['Root cause 10A', 'Root cause 10B']","['Solution 10A', 'Solution 10B']"
Generic issue 11,"['Root cause 11A', 'Root cause 11B']","['Solution 11A', 'Solution 11B']"
Generic issue 12,"['Root cause 12A', 'Root cause 12B']","['Solution 12A', 'Solution 12B']"
Generic issue 13,"['Root cause 13A', 'Root cause 13B']","['Solution 13A', 'Solution 13B']"
Generic issue 14,"['Root cause 14A', 'Root cause 14B']","['Solution 14A', 'Solution 14B']"
Generic issue 15,"['Root cause 15A', 'Root cause 15B']","['Solution 15A', 'Solution 15B']"
Generic issue 16,"['Root cause 16A', 'Root cause 16B']","['Solution 16A', 'Solution 16B']"
Generic issue 17,"['Root cause 17A', 'Root cause 17B']","['Solution 17A', 'Solution 17B']"
Generic issue 18,"['Root cause 18A', 'Root cause 18B']","['Solution 18A', 'Solution 18B']"
Generic issue 19,"['Root cause 19A', 'Root cause 19B']","['Solution 19A', 'Solution 19B']"
Generic issue 20,"['Root cause 20A', 'Root cause 20B']","['Solution 20A', 'Solution 20B']"
Generic issue 21,"['Root cause 21A', 'Root cause 21B']","['Solution 21A', 'Solution 21B']"
Generic issue 22,"['Root cause 22A', 'Root cause 22B']","['Solution 22A', 'Solution 22B']"
Generic issue 23,"['Root cause 23A', 'Root cause 23B']","['Solution 23A', 'Solution 23B']"
Generic issue 24,"['Root cause 24A', 'Root cause 24B']","['Solution 24A', 'Solution 24B']"
Generic issue 25,"['Root cause 25A', 'Root cause 25B']","['Solution 25A', 'Solution 25B']"
Generic issue 26,"['Root cause 26A', 'Root cause 26B']","['Solution 26A', 'Solution 26B']"
Generic issue 27,"['Root cause 27A', 'Root cause 27B']","['Solution 27A', 'Solution 27B']"
Generic issue 28,"['Root cause 28A', 'Root cause 28B']","['Solution 28A', 'Solution 28B']"
Generic issue 29,"['Root cause 29A', 'Root cause 29B']","['Solution 29A', 'Solution 29B']"
Generic issue 30,"['Root cause 30A', 'Root cause 30B']","['Solution 30A', 'Solution 30B']"
